model,wape,mape
moving_average,0.5792045206506212,0.7392891054878205
selected_policy,0.5463536784056274,0.6976399404486942
