category,total_units,total_revenue,gross_margin_usd,avg_service_level
Electronics,73464,9167292.11,3718365.4299999997,0.9628254349130174
Toys,36791,4592616.95,2671817.27,0.971
Kitchen,36482,4520969.82,3194648.45,0.9453333333333334
Pet,36412,4463116.83,1717749.09,0.9826610576923076
Home,24095,3043708.74,580222.8600000001,0.9645189189189189
Beauty,11968,1529095.72,788874.92,0.9310000000000002
