flag_name,flag_value,avg_units,median_units,avg_revenue,row_count
holiday_peak_flag,0,43.90303319799379,42.0,5453.354430379747,4187
holiday_peak_flag,1,43.53013530135301,42.0,5514.88950799508,813
prime_event_flag,0,43.54225352112676,42.0,5435.978021566902,4544
prime_event_flag,1,46.833333333333336,45.5,5736.219385964912,456
marketing_push_flag,0,43.31198824270418,42.0,5388.678509342851,4763
marketing_push_flag,1,54.50210970464135,54.0,6964.2381012658225,237
weekend_flag,0,43.8670183231538,42.0,5502.239589117157,3602
weekend_flag,1,43.77896995708154,42.5,5363.185386266095,1398
